ime,priimek,emso,naslov,posta_id
Valdemar,Gallager,1,1 Dottie Road,365
Darbee,Pashenkov,2,4128 Harbort Street,656
Dew,Amies,3,422 Pankratz Drive,609
Demeter,Djurdjevic,4,78 6th Lane,540
Aurelie,Dan,5,13629 Grasskamp Court,142
Cyrill,Spuffard,6,23 Menomonie Trail,30
Towny,Abendroth,7,126 Hovde Terrace,603
Nisse,Polycote,8,0 Gerald Avenue,212
Del,Glasard,9,04302 Westend Way,749
Frannie,Antognoni,10,904 Hollow Ridge Lane,663
Irwin,Jacquemy,11,939 Moose Hill,376
Fernando,Giacomasso,12,2 Thackeray Street,213
Bernette,Battersby,13,740 Helena Hill,259
Arie,Smees,14,08 Crest Line Junction,53
Wilhelm,Phythien,15,80590 Carey Avenue,594
Phillipe,Bendik,16,15 Jana Park,786
Dennet,Pittle,17,16555 Redwing Parkway,777
Cloe,Colbrun,18,21 Hagan Crossing,423
Alina,Dennick,19,2 Memorial Park,673
Fionna,Fullylove,20,23876 Novick Pass,98
Lyndsay,Huckett,21,631 Village Crossing,970
Lorrie,Sprasen,22,5 Boyd Terrace,176
Cinda,Mathiasen,23,8058 Barby Center,563
Uri,Fanthom,24,98 Hovde Court,518
Palm,Koch,25,67548 Transport Street,1000
Mahmoud,Medlin,26,0445 Magdeline Junction,817
Krissie,Corbridge,27,96455 Crownhardt Circle,590
Lynelle,Hyde-Chambers,28,7 Spenser Court,468
Berte,Fryd,29,46 Rockefeller Drive,137
Rickie,Sibille,30,7165 Randy Lane,307
Garth,Mitton,31,3392 Arrowood Terrace,861
Garik,Whitney,32,08162 Tomscot Crossing,880
Ardath,Siddle,33,37895 Grim Terrace,882
Siobhan,Kuschke,34,9 Sunfield Court,231
Gisela,Bragger,35,10224 Buell Center,391
Guinevere,Hudleston,36,063 Riverside Road,756
Mallorie,Kippins,37,32414 Susan Avenue,414
Britt,Kummerlowe,38,00 Dwight Pass,679
Dion,Taffe,39,6310 Bonner Parkway,626
Dicky,Siddaley,40,23906 Melvin Alley,292
Andria,Betteriss,41,38 Ludington Pass,488
Kerwinn,Woolager,42,5521 Cody Avenue,62
Anneliese,Fennick,43,9 Surrey Hill,299
Morey,Karp,44,476 Beilfuss Drive,19
Heddi,Lumsden,45,43 Crest Line Way,193
Louisa,Winney,46,73922 Morning Way,339
Stevy,Gleder,47,1 Ramsey Center,937
Sibilla,Sangster,48,96889 Eastwood Terrace,23
Alicea,Sissel,49,71094 Cardinal Court,296
Anstice,Pillman,50,36 Eagle Crest Point,167
Teddy,Tidcomb,51,4186 Dahle Trail,252
Lissie,Warboy,52,03 Eliot Hill,159
Neille,Peyntue,53,79950 Stephen Drive,48
Katya,Steventon,54,051 Dahle Park,912
Dom,Bukowski,55,7861 Fair Oaks Point,999
Haleigh,Hobell,56,20266 Scoville Circle,776
Camila,Klima,57,98 Warrior Trail,643
Rosella,Renvoise,58,511 Drewry Junction,122
Caprice,Sivil,59,085 Shoshone Crossing,447
Gregg,Bell,60,5 Parkside Hill,492
Whit,Platts,61,0 Manitowish Way,9
Shannah,Dorricott,62,745 Grayhawk Trail,170
Vikky,Waumsley,63,7 Meadow Vale Court,892
Rory,Cusworth,64,347 Lukken Plaza,267
Elaine,Ebbitt,65,0798 Surrey Way,183
Tracey,Candy,66,73736 Bobwhite Drive,899
Tomaso,Gerald,67,629 Hoffman Pass,324
Garreth,Partlett,68,67 Independence Lane,984
Albertina,Gaythwaite,69,89 Sachtjen Drive,99
Trever,Martindale,70,92 Randy Avenue,395
Ranique,Mapledoore,71,1 Dovetail Crossing,114
Rodger,Gravy,72,56 Dunning Plaza,721
Lauri,Woodison,73,022 Aberg Pass,668
Hurley,Stratton,74,52670 Everett Parkway,514
Berte,Bonifant,75,7 6th Road,549
Aveline,Olding,76,244 Sugar Lane,484
Abe,Horning,77,184 Jenna Road,568
Vernice,Helin,78,232 Westend Plaza,136
Ewell,Isgate,79,62 Redwing Circle,536
Tuck,Stollhofer,80,6465 Nancy Court,781
Brear,Maciocia,81,315 Jenna Center,636
Sig,Sorsbie,82,51536 Lukken Circle,94
Mufi,Jolin,83,81715 Lindbergh Circle,714
Tanhya,Kingsford,84,81 Macpherson Place,767
Bay,Gallaccio,85,9858 Iowa Trail,658
Mersey,Sapena,86,5 South Point,589
Rutter,Brundall,87,056 Delaware Street,412
Darryl,Bartelet,88,92 Derek Pass,364
Franklyn,Marzelo,89,7322 Gateway Park,796
Fiona,Meatyard,90,53869 Sunbrook Junction,367
Riordan,Cansfield,91,011 Lakewood Gardens Parkway,542
Anthiathia,Juza,92,28330 Hooker Terrace,306
Thibaut,di Rocca,93,92 Namekagon Crossing,602
Granthem,Giorio,94,184 Nancy Circle,488
Orrin,Hoggan,95,0837 Lighthouse Bay Road,664
Karlene,Goozee,96,2093 Merry Court,390
Di,Carnelley,97,0682 Fulton Street,500
Ernestus,Vennings,98,3909 Namekagon Plaza,507
Perl,Morteo,99,7 Prairieview Hill,693
Sarajane,MacMarcuis,100,553 Melby Junction,322
Callie,Ghiron,101,0489 Dwight Court,498
Hy,Hathway,102,07063 Tennessee Terrace,496
Ardella,Snashall,103,06 Spaight Place,959
Prentice,Chancelier,104,117 Ryan Pass,315
Brook,Tarry,105,7535 Towne Pass,538
Dede,Tattam,106,6999 Larry Court,829
Nerta,Jukes,107,110 Grayhawk Point,874
Bellanca,Doppler,108,1 Vahlen Alley,719
Noel,Di Franceschi,109,2 Bay Court,55
Ax,Leeds,110,34655 Waubesa Circle,807
Wilburt,Haswall,111,920 Roth Park,778
Coop,Messier,112,01911 Little Fleur Trail,134
Cyril,Nation,113,38608 Clemons Court,926
Aubrette,Booij,114,87953 Graceland Way,184
Agnesse,Screeton,115,8 Mayfield Parkway,536
Sigrid,Drinnan,116,46 Mariners Cove Crossing,338
Jane,Hafner,117,85 Mendota Pass,686
Pauly,Bexon,118,203 Logan Terrace,420
Brenna,Torrecilla,119,11999 Red Cloud Lane,246
Lorrie,Dawdry,120,2194 Eagle Crest Alley,455
Krysta,Ximenez,121,401 Coolidge Drive,309
Foster,Seely,122,244 Mendota Place,216
Adham,Georges,123,7 Bultman Way,708
Ragnar,Niles,124,742 Forest Dale Junction,335
Lotte,Cromett,125,62217 Hoepker Parkway,20
Armstrong,Bysouth,126,2346 David Terrace,827
Rosemarie,Geere,127,1 Jenifer Place,277
Ruthie,Nanninini,128,37 Loftsgordon Court,264
Candis,Missenden,129,78 Del Mar Place,94
Bibbye,Walkingshaw,130,1 Northport Circle,660
Jeannette,Kunze,131,6895 Transport Trail,520
Carole,Burkart,132,26800 Sauthoff Point,349
Linnie,Livens,133,97023 Miller Junction,263
Genny,Steen,134,5425 Cottonwood Avenue,713
Tilda,Coch,135,075 Dovetail Drive,431
Arlen,Janowicz,136,339 Victoria Plaza,662
Debora,Minihan,137,37804 1st Junction,354
Noland,Brislane,138,079 Blackbird Hill,994
Any,Giacometti,139,91 Fairfield Avenue,848
Lynea,Chess,140,88433 Colorado Parkway,443
Meaghan,Stannas,141,6 Pearson Point,841
Cos,O' Lone,142,392 Lighthouse Bay Crossing,45
Arney,Spellicy,143,81753 Sutherland Junction,956
Jerrilee,Stucke,144,2819 Ridgeway Point,285
Jud,Iianon,145,404 Petterle Terrace,847
Sophey,Churches,146,96723 Buell Road,839
Adan,Curtis,147,4420 Miller Court,559
Tedd,Cutchee,148,1214 Summer Ridge Pass,352
Crichton,Grisard,149,70 Main Park,570
Garvey,Whitcombe,150,61 Maryland Center,993
Prince,Tailour,151,927 Hansons Crossing,247
Devi,Barkess,152,86 School Trail,425
Merl,Overbury,153,70762 Cambridge Plaza,169
Rana,Tarborn,154,91 Sommers Circle,48
Nial,Manzell,155,9 Fremont Alley,559
Lorilyn,MacAne,156,1 Susan Center,140
Lay,Seago,157,2 Independence Avenue,948
Henderson,Aldersea,158,75 Morningstar Plaza,561
Anstice,Lethieulier,159,33 Old Shore Avenue,856
Angelique,Itzakovitz,160,87283 New Castle Hill,677
Wolf,Joy,161,9924 Meadow Vale Road,302
Lurleen,McAvinchey,162,963 New Castle Plaza,1
Gretna,Olennikov,163,59 Westend Road,816
Cory,Wallsworth,164,699 Portage Plaza,851
Ragnar,Cassedy,165,55 Spenser Lane,5
Haley,Walisiak,166,5544 Declaration Lane,124
Sunshine,Bracci,167,57057 Cottonwood Place,371
Isidora,Gristwood,168,61414 Becker Alley,400
Bebe,Webley,169,6 Independence Street,147
Nolana,Philipard,170,2734 Armistice Circle,532
Vincent,Kember,171,98 Havey Drive,104
Merle,Shurville,172,3594 Calypso Point,627
Cesya,Joubert,173,1502 Hagan Lane,376
Olive,Elsmere,174,47399 Bluestem Drive,482
Allis,Tunny,175,934 Village Green Avenue,498
Twila,Bernolet,176,8143 Esker Court,669
Barry,Carneck,177,310 Brickson Park Drive,259
Nikolos,Sadler,178,60763 Buena Vista Plaza,659
Meghann,Basilotta,179,10 Eastlawn Road,823
Goddart,Desquesnes,180,7 Lukken Park,74
Liva,Cumesky,181,3 Pepper Wood Terrace,460
Candis,Emeline,182,8368 Eagle Crest Court,663
Barbee,Rase,183,8918 Anderson Pass,983
Lea,Lubomirski,184,837 Namekagon Park,151
Axe,Itzhaiek,185,5 Homewood Lane,244
Elfrida,Gladwin,186,2 Burning Wood Circle,900
Drusilla,Reily,187,25 Old Shore Center,361
Tarah,McCahey,188,44 Starling Alley,591
Inger,Laughnan,189,3387 Stuart Court,837
Zorana,Pree,190,4427 Longview Pass,499
Garrek,Claricoats,191,6 Aberg Way,909
Marlin,Thorbon,192,29 Hanson Park,655
Avictor,Camillo,193,27 Butternut Road,117
Gerard,Sanderson,194,96412 Hintze Plaza,19
Arny,MacAllaster,195,190 Mandrake Way,765
Bastian,Castlake,196,02 Holmberg Center,854
Antonetta,Ivamy,197,74540 Bashford Street,635
Guthry,Theaker,198,9869 Old Gate Court,477
Kirbee,Dumblton,199,3579 Anniversary Hill,34
Ivette,Rumford,200,3917 Rowland Alley,483
Tish,Vedeshkin,201,1540 Bluejay Pass,223
Tabbie,Ruberry,202,77710 Eggendart Pass,526
Dareen,Fulbrook,203,8 Westend Plaza,431
Evita,MacAne,204,2346 Grasskamp Road,365
Laney,Ballsdon,205,1 Nova Road,818
Margit,Hagergham,206,15 Anthes Crossing,838
Myron,Giacovetti,207,947 Starling Avenue,1000
Deeyn,Pestricke,208,53229 Victoria Court,708
Archambault,Malshinger,209,22 Ridgeway Point,67
Iosep,Deave,210,7834 Forest Court,560
Burch,Budgett,211,74 Holmberg Drive,587
Vasili,Brackpool,212,2 Everett Parkway,168
Nikos,Gilbody,213,72040 Granby Avenue,8
Phip,Terrelly,214,72347 Center Pass,469
Tabatha,Joret,215,290 Hazelcrest Court,902
Bernadina,Troyes,216,524 Twin Pines Circle,4
Julee,Acosta,217,00 Hayes Circle,409
Lanie,Maydwell,218,3 Canary Alley,738
Tina,Nafziger,219,9507 Corry Terrace,899
Elbertina,Eirwin,220,2297 Prairieview Center,762
Dorthy,Faulks,221,17245 Mariners Cove Center,318
Broderick,Fishe,222,221 Coolidge Court,753
Christoforo,Hamm,223,8256 Maywood Alley,79
Dave,Inkpen,224,058 3rd Center,210
Mikaela,Bew,225,5144 Vidon Crossing,281
Cesare,Reyson,226,04 David Center,83
Toby,Gonzalez,227,61006 Transport Crossing,700
Zsa zsa,Denyagin,228,99796 Tony Terrace,253
Jandy,Voden,229,35425 7th Parkway,550
Barris,Leftbridge,230,34394 Trailsway Crossing,354
Ferd,Derdes,231,9872 Hovde Way,64
Sawyer,Claridge,232,4949 Quincy Pass,475
Jeffy,Pinchback,233,40960 Holy Cross Lane,334
Wini,Ganford,234,290 Harper Court,101
Kerrie,Roston,235,191 Eliot Point,739
Wandis,Petegrew,236,204 Sunfield Drive,670
Lynea,Greville,237,472 Carey Alley,139
Allan,Nuth,238,781 Clyde Gallagher Drive,510
Ward,Butte,239,41 Springs Crossing,408
Jewelle,Guinery,240,2509 Clemons Point,255
Aretha,Becker,241,6747 American Ash Park,273
Babb,Ritmeier,242,606 Sutteridge Hill,344
Stewart,Loynes,243,6 Sloan Crossing,77
Maury,Frances,244,0018 Acker Alley,268
Arch,Lamberteschi,245,4 Armistice Hill,671
Alvy,Scouller,246,6196 Spenser Center,69
Ernaline,Pieracci,247,330 Randy Pass,117
Nicolina,De Hooch,248,857 Lighthouse Bay Circle,314
Hilton,Haill,249,50248 Anderson Court,929
Irwinn,Lomaz,250,9398 Longview Drive,656
Christian,Pavier,251,6 Manitowish Trail,790
Moria,Piperley,252,87215 Longview Terrace,382
Billy,Bilovsky,253,3 Beilfuss Crossing,797
Alonso,Scandrick,254,1 Clemons Court,905
Emmery,Ramsden,255,52881 Vahlen Parkway,341
Leesa,Turbitt,256,828 Barby Trail,494
Oliy,Inett,257,51 Rutledge Junction,15
Chris,Crannach,258,745 Arkansas Crossing,869
Gavrielle,Skunes,259,3 Paget Avenue,223
Eustace,Gallgher,260,7212 Spenser Place,233
Quentin,Sherbrooke,261,29 Merchant Street,764
Lilias,Witham,262,055 Pleasure Hill,392
Ulrike,Turnell,263,2892 Hudson Street,894
Bessie,Lightoller,264,91 Ridge Oak Court,34
Brandea,Tonnesen,265,39070 Oriole Lane,394
Robby,Volleth,266,14112 Londonderry Hill,636
Friederike,Janew,267,61 Cottonwood Circle,548
Harrison,Benditt,268,0 Shasta Terrace,911
Desdemona,Henworth,269,3349 Delladonna Street,703
Kerk,De Fraine,270,84 Lake View Alley,887
Mathilda,Whitnell,271,8573 Towne Lane,709
Cathie,Vero,272,55 Charing Cross Court,699
Teddy,Sliman,273,0 Independence Hill,151
Hobie,Droogan,274,3838 Judy Way,667
Germaine,Passmore,275,9 Manley Way,349
Sterne,Scotchford,276,54 Eggendart Pass,277
Abbott,Behnecken,277,42 Debra Pass,249
Patten,Andrioli,278,9656 Pine View Avenue,915
Jarad,Maccaddie,279,75 New Castle Pass,148
Pepe,Sutterby,280,09 Roth Place,922
Westbrook,Linnett,281,18483 Dottie Drive,361
Miguela,Ellcock,282,970 American Point,253
Nannette,Ruff,283,9 Warrior Avenue,247
Cully,Cunio,284,27 Kennedy Avenue,593
Roobbie,Filipov,285,1820 Hovde Junction,641
Vachel,Dickerson,286,3 Buell Avenue,653
Keary,Bowkley,287,7 Springview Crossing,381
Gottfried,Faustin,288,533 Claremont Hill,986
Ruperta,Hurdiss,289,2746 Village Circle,152
Magdalen,Cotes,290,69 Dorton Road,334
Muffin,Jeremaes,291,7 Springs Lane,397
Ken,Hehir,292,4519 Dottie Hill,198
Helsa,Porker,293,3 Haas Court,64
Louella,Zanetto,294,4157 Sachs Drive,259
Simonne,Ellingsworth,295,7069 Fordem Point,754
Grove,Guiel,296,73813 Dovetail Trail,997
Nealy,Folder,297,85041 Cordelia Lane,587
Blane,Granger,298,1 Wayridge Drive,444
Simmonds,Laible,299,3142 Pine View Drive,98
Xylia,Finby,300,08 Hoepker Trail,421
Ortensia,Mauchlen,301,59874 Straubel Trail,526
Caressa,Satchell,302,2010 Hovde Crossing,997
Shermie,Laurenceau,303,97484 Northwestern Place,113
Kerk,Borrows,304,511 Linden Center,881
Michel,Wateridge,305,09 Manufacturers Junction,210
Birch,Polak,306,7 Farwell Way,855
Milty,Stoakley,307,359 Eagle Crest Plaza,536
Nicola,Lethbrig,308,2717 Onsgard Junction,735
Leonardo,Paler,309,5 Roxbury Park,333
Kermy,Francescoccio,310,3146 Cardinal Court,778
Derby,Maccraw,311,6783 Manley Alley,620
Chick,Pencost,312,447 Little Fleur Hill,732
Shaylah,Felten,313,7 Sauthoff Hill,375
Carleton,McKernon,314,0087 Schlimgen Pass,596
Yehudit,Loughlin,315,87377 Florence Road,91
Eldin,O' Borne,316,6020 Coolidge Hill,653
Kirsten,Cummins,317,23 Menomonie Lane,566
Ulick,McTear,318,859 Southridge Way,894
Wilhelm,Allsopp,319,39809 Londonderry Point,504
Cyndia,Cuthbert,320,4 Cody Hill,976
Zulema,Januszkiewicz,321,36338 New Castle Junction,450
Tanny,Brettell,322,54 Oak Terrace,83
Nicko,Toohey,323,4 Lunder Parkway,909
Hew,Deignan,324,3188 Hanson Center,153
Ilysa,Grancher,325,52129 Memorial Road,479
Justine,Laden,326,23 American Ash Street,506
Aldrich,MacPherson,327,828 Dayton Park,573
Anetta,Bryson,328,74 Kedzie Parkway,267
Griffie,Beton,329,30103 Golf Road,24
Rad,Itzkovich,330,9 Killdeer Place,139
Maureene,Aveline,331,838 Sheridan Terrace,971
Jakie,McNamee,332,250 Shoshone Hill,259
Hale,Glidder,333,9604 Valley Edge Parkway,783
Konstantine,Bunworth,334,679 Cascade Court,33
Barby,Eskrigge,335,258 Sycamore Parkway,187
Lonnie,Glackin,336,5514 Wayridge Drive,296
Erinna,Pietersen,337,3286 Nelson Circle,842
Sharity,Aggis,338,94 Coolidge Way,849
Kiley,Collingworth,339,04 Main Drive,957
Killie,Janzen,340,93444 Golden Leaf Place,690
Connie,Melato,341,23 Texas Circle,30
Stanly,Rawcliff,342,04 Basil Avenue,467
Forbes,Steels,343,8 Darwin Junction,470
Faythe,Regis,344,844 Drewry Court,104
Isidoro,Rock,345,067 Sutherland Plaza,900
Darcie,Digger,346,760 Gulseth Place,447
Marybelle,Symcox,347,31951 Melrose Circle,655
Thomasa,Vail,348,74 Gateway Pass,207
Cristobal,Kersley,349,02 Wayridge Junction,238
Gerri,Jagoe,350,50 Schiller Pass,237
Wheeler,Gibbeson,351,2 Fairfield Parkway,287
Pippo,Vernalls,352,0845 Fairfield Street,765
Bran,Reubel,353,1 International Plaza,699
Rebecka,Brandon,354,145 Ronald Regan Place,122
Barton,Stuther,355,6763 4th Lane,202
Blondell,Astlett,356,00961 Helena Place,818
Ferris,Mabson,357,901 Glacier Hill Drive,454
Olive,Tourry,358,77 Ilene Hill,289
Sharyl,Anthes,359,7 Talisman Pass,571
Natty,Arthurs,360,1 Kim Court,498
Eirena,Courage,361,38 Bunting Pass,317
Demetre,Froggatt,362,1260 Sugar Avenue,815
Fanchette,Bulloch,363,5 Maywood Pass,114
Gusti,Coundley,364,08458 Brown Street,682
Bart,Harrowing,365,2086 Trailsway Lane,177
Kattie,Matuszyk,366,1 Derek Place,69
Wendall,Semple,367,65163 Shopko Alley,365
Teodoro,Mayo,368,3873 Cardinal Plaza,671
Georgia,Sporrij,369,5546 Brentwood Way,380
Noemi,Bankhurst,370,25 Twin Pines Trail,802
Raffaello,Longshaw,371,19 Lyons Plaza,55
Corella,Astlett,372,534 Lerdahl Junction,508
Joly,Willshire,373,99 Darwin Trail,110
Yolanthe,Vickars,374,1 Gulseth Circle,449
Gil,Howbrook,375,24792 Katie Way,748
Judi,De Benedetti,376,224 Novick Plaza,354
Mendie,Wharin,377,7808 Oak Way,972
Roxi,Giacovelli,378,7 Arrowood Court,10
Conant,Ticic,379,6 Jenifer Way,914
Tobye,Frosdick,380,89151 Luster Avenue,169
Gretel,Donet,381,82595 Stoughton Hill,250
Claudelle,Stainson,382,9 Dunning Lane,271
Irena,Larret,383,520 Hayes Crossing,90
Laney,Hugonneau,384,1 Mcguire Plaza,516
Beckie,Mantrip,385,2355 Shelley Alley,838
Tabb,Reichert,386,145 Nobel Plaza,482
Bentley,Cecere,387,2014 Parkside Way,45
Derick,Dysert,388,7247 Maywood Center,17
Gertrudis,Darco,389,85 Myrtle Trail,111
Peri,Sellack,390,07492 Erie Pass,991
Eduardo,Edgehill,391,39 Golf Road,78
Fonsie,Thorby,392,5 Sauthoff Lane,996
Brita,Redsall,393,348 Oriole Way,199
Vito,Carette,394,39 Forest Park,979
Arlin,Lydiatt,395,48817 Annamark Terrace,872
Upton,Matys,396,9809 Hazelcrest Park,238
Ephrem,Cordle,397,92073 La Follette Park,341
Raven,Judge,398,3232 Kingsford Junction,106
Kirk,Worton,399,4 Bultman Hill,420
Allis,Elliman,400,67 Barnett Lane,256
Perry,Flanders,401,2203 Marcy Alley,926
Merry,Fripps,402,31 Merrick Circle,346
Giorgi,Oakman,403,76346 Stone Corner Park,899
Loren,Rickaby,404,7470 8th Avenue,747
Nikolai,Bourley,405,753 Heffernan Hill,240
Riley,Broadwood,406,0 Logan Terrace,808
Christian,Wondraschek,407,408 Tennessee Circle,356
Simon,Lambkin,408,630 Homewood Plaza,930
Crin,Grossman,409,470 Veith Parkway,929
Lazare,Spurway,410,2 Eliot Trail,645
Carmen,Sieghart,411,43 Lotheville Point,943
Sullivan,Gromley,412,65 Miller Plaza,950
Doretta,Creebo,413,04 Mariners Cove Parkway,765
Sapphira,Trewhela,414,73483 Tennessee Pass,471
Katherina,Gozney,415,58202 Walton Road,533
Ferd,Placidi,416,244 Ilene Street,483
Benni,Laws,417,7 Kinsman Lane,959
Bartholomeo,Mathers,418,8 Sherman Junction,282
Kristan,Adanez,419,26 Schiller Pass,476
Curcio,Blincow,420,6 Pennsylvania Plaza,994
Cheri,Cinavas,421,042 Dennis Alley,992
Kettie,Etter,422,52709 Forest Dale Place,779
Ambur,Thridgould,423,9 Fulton Street,116
Lin,Botterill,424,3848 6th Street,717
Cecilius,Maxwell,425,9 Old Shore Trail,539
Esteban,Decker,426,6 Kipling Place,65
Jarred,Bendtsen,427,8874 Kim Alley,557
Carlota,Vanstone,428,6 Bay Court,11
Neda,Astlatt,429,2401 Stone Corner Plaza,746
Alanna,Rabbitts,430,985 Dwight Place,662
Percival,Inkle,431,8 Novick Way,729
Ina,Coakley,432,58512 Hagan Alley,145
Alley,Syvret,433,827 Johnson Point,253
Burnaby,Grist,434,67 Maywood Street,279
Christye,Jiru,435,18508 Hanover Center,821
Adora,Minnette,436,5 Messerschmidt Circle,870
Pierre,Pudge,437,2 Northridge Street,314
Price,Halley,438,21 Pankratz Place,162
Alethea,Andreassen,439,19 Buena Vista Road,122
Gardiner,Carbry,440,8 Jana Place,855
Torr,Darinton,441,59757 Elka Plaza,887
Doe,Wallsworth,442,25 Victoria Road,583
Luciana,Greenrodd,443,448 Clemons Alley,506
Jayson,Lovelock,444,1 Lighthouse Bay Circle,80
Clotilda,Espadas,445,07 South Court,684
Olly,Prodrick,446,87359 Debra Court,231
Adolphe,Passie,447,6 Monica Circle,895
Vassily,Sinisbury,448,45 Dapin Point,523
Rebekkah,Alywen,449,6726 Glacier Hill Street,102
Kalie,McKendry,450,816 Bultman Street,303
Barde,Town,451,3801 Orin Parkway,535
Haywood,Steward,452,3 Homewood Street,957
Klarrisa,Moncarr,453,12 Arrowood Way,416
Devland,Tanswill,454,22601 Northland Avenue,306
Robinette,Gentile,455,9 Hauk Circle,482
Leta,Rewan,456,62 Rowland Way,72
Lodovico,Flewin,457,20 Kingsford Point,866
Rosetta,Ellin,458,0 Sheridan Center,136
Wynnie,Axleby,459,05963 Beilfuss Terrace,635
Anders,Kender,460,106 Kingsford Terrace,768
Chase,Skyrm,461,1 Leroy Junction,240
Zonda,Pahler,462,5 Fulton Lane,977
Trey,Cockerham,463,4 Almo Place,743
Elijah,Nulty,464,7 Longview Trail,18
Janeczka,Hanstock,465,7547 Stuart Junction,681
Kiersten,Wabey,466,74991 Merchant Junction,410
Amelie,Thing,467,32 Bultman Court,273
Fifi,Layman,468,0695 Union Trail,880
Ketti,Chaves,469,50 Messerschmidt Crossing,718
Carlyn,Brereton,470,34 Messerschmidt Circle,816
Bucky,Duffit,471,9726 Rowland Lane,243
Aleece,Kollach,472,266 Lawn Alley,322
Nicholas,Di Batista,473,59 Vermont Alley,453
Cal,Chartres,474,3419 Bunker Hill Drive,58
Arabelle,Serraillier,475,9759 Farragut Parkway,542
Viki,Sherwyn,476,29513 Knutson Center,753
Pippa,Arghent,477,6445 Mariners Cove Park,913
Camila,Niessen,478,7 Chinook Street,350
Deva,Eddolls,479,845 Schmedeman Trail,687
Karina,Diggell,480,293 Darwin Junction,872
Shell,Truce,481,82 Vernon Park,621
Leeanne,Hasel,482,4 Myrtle Court,89
Babita,Pashan,483,2111 Weeping Birch Circle,125
Barny,Tickle,484,200 Del Mar Lane,97
Collette,Morit,485,3 Crownhardt Center,878
Linn,Astell,486,3405 Victoria Street,594
Finley,Berney,487,80091 Debra Hill,500
Feliks,Harmstone,488,416 Eggendart Street,117
Nellie,Jauncey,489,29 Armistice Way,225
Kizzee,Brignell,490,9 International Crossing,616
Annette,Dongate,491,6930 Dottie Point,730
Lilllie,Huge,492,68 Buhler Crossing,711
Fedora,Buckner,493,772 Lyons Hill,169
Langsdon,Smart,494,75771 Prentice Plaza,785
Debee,Gyles,495,5863 Sunnyside Drive,945
Haywood,Sorton,496,42 Trailsway Plaza,571
Emlyn,Gullefant,497,83347 Pierstorff Junction,982
Daveta,Paffett,498,3 Fair Oaks Hill,705
Ava,Badcock,499,11 Quincy Crossing,918
Layney,Metzig,500,3654 Duke Avenue,171
Klement,Brittle,501,5687 Hazelcrest Drive,584
Etty,Southall,502,95146 Badeau Plaza,646
Sherwin,Eberts,503,7 Farwell Street,968
Maura,Fleisch,504,90 Anderson Way,426
Vinnie,Catonnet,505,21 Gina Crossing,52
Giffie,Haste,506,1 Crowley Plaza,94
Broddy,Pegrum,507,57 Judy Center,479
Taddeusz,Bantick,508,73297 Rockefeller Terrace,484
Harrie,Casiroli,509,084 Farmco Point,836
Rafi,Lacoste,510,177 Pepper Wood Circle,32
Bart,Probyn,511,6813 Kipling Lane,259
Clarinda,Popland,512,473 Bellgrove Junction,595
Clayton,Murtagh,513,37353 Lawn Center,917
Avery,Mussington,514,813 Amoth Center,416
Sherwynd,Bertome,515,734 Jenifer Place,630
Mada,Collinson,516,4422 Service Street,18
Charlena,Schanke,517,54 Killdeer Terrace,891
Errick,Smoughton,518,9264 Shoshone Terrace,406
Berkley,Crane,519,3 Vidon Avenue,244
Catlin,Cowlin,520,9073 Gulseth Circle,472
Luther,Millier,521,34 Veith Plaza,579
Cati,Hull,522,715 Fieldstone Parkway,220
Buckie,Woloschin,523,4932 Jenifer Avenue,863
Loralee,Lowdeane,524,96958 Holmberg Park,423
Christophorus,Niesing,525,3 Killdeer Circle,696
Artemas,Dugood,526,0363 Harbort Way,521
Dorine,Texton,527,3385 Golf Course Terrace,886
Katrinka,Canaan,528,5486 Nancy Street,274
Trefor,Kemball,529,5642 Fairview Parkway,266
Gay,Cathie,530,918 Dakota Lane,239
Derril,Adan,531,4 Northwestern Point,345
Kristine,Blackburne,532,20702 Lyons Trail,249
Valerie,Gull,533,60324 Algoma Hill,144
Daffie,Tregensoe,534,1931 John Wall Park,419
Joscelin,Nashe,535,3902 Derek Junction,737
Nataline,Byrcher,536,75 Old Shore Junction,69
Krishnah,Labarre,537,1518 Hoard Crossing,240
Pavlov,Moy,538,08 Esch Lane,841
Reider,Ragbourne,539,9511 Fair Oaks Point,295
Skippy,Pallaske,540,1 Meadow Valley Park,513
Lil,Skullet,541,288 Iowa Road,617
Markos,Ridulfo,542,50800 Commercial Junction,893
Brande,Standrin,543,7742 John Wall Point,933
Lynda,Lissandre,544,9 Little Fleur Terrace,22
Alanna,Cicccitti,545,5738 Dovetail Circle,851
Bernadine,Bachelar,546,359 School Center,504
Nickey,Dorling,547,826 Buena Vista Center,344
Dante,Shills,548,6787 Dahle Park,902
Hugibert,Earles,549,305 Corscot Court,707
Jeffie,Devitt,550,650 Ludington Terrace,331
Tudor,Bunton,551,4 Morning Trail,23
Tiffany,Swetman,552,8 Caliangt Plaza,590
Linea,Largen,553,020 Basil Terrace,369
Madelene,Gogie,554,522 Arapahoe Place,899
Julissa,Durran,555,3 Atwood Lane,471
Fernande,Kirsopp,556,11031 Arrowood Trail,180
Imojean,Wilde,557,17 Montana Center,565
Anna-maria,McBoyle,558,188 Mesta Alley,476
Gannie,Knight,559,04105 Waubesa Park,48
Tessi,Paskins,560,65190 Mcbride Circle,215
Jodi,Tomowicz,561,7 David Way,469
Buck,Croson,562,88097 Derek Park,782
Kory,Aynscombe,563,54155 Raven Terrace,16
Averill,Filchagin,564,69 Blackbird Way,126
Betteann,Bedle,565,9 Northwestern Alley,889
Chad,Tredwell,566,665 Longview Way,772
Mandel,Donnan,567,283 Knutson Pass,681
Gertrud,Cicculini,568,13818 Ridgeway Crossing,742
Otho,Wimlett,569,7 Johnson Plaza,51
Lesly,Hartness,570,80298 Doe Crossing Court,881
Susie,Pinckstone,571,8 Grover Road,257
Keith,Nudde,572,0944 Morrow Hill,984
Hi,Molan,573,74 Moose Parkway,98
Gaspar,Mault,574,7 Schmedeman Terrace,481
Klarrisa,Ferrandez,575,6293 Schlimgen Plaza,396
Xenos,Todhunter,576,8 Arizona Center,947
Leilah,Leschelle,577,6 Dorton Circle,124
Mozes,Volk,578,06 Dawn Junction,789
Dotty,Taffarello,579,1 Steensland Crossing,684
Elita,Loalday,580,6981 Autumn Leaf Junction,749
Tann,Hansill,581,937 Michigan Pass,492
Jewelle,Jugging,582,11181 Lyons Plaza,646
Else,Darinton,583,4434 Sommers Circle,290
Arlin,Stidson,584,82 Haas Plaza,848
Luce,Brettle,585,25 Nevada Parkway,805
Carline,Bessett,586,1139 Schurz Road,621
Daffie,Castano,587,6802 Hintze Crossing,173
Prince,Cheyenne,588,6810 Karstens Place,172
Jelene,Grossman,589,89001 Blaine Drive,47
Ringo,Harkins,590,755 Comanche Way,291
Meta,Kinsman,591,023 Kipling Drive,393
Crystie,Botwood,592,1065 Morning Circle,816
Katha,Hukin,593,248 Toban Place,68
Clarita,Harriskine,594,3167 Talmadge Crossing,844
Hervey,Velte,595,4155 Loomis Plaza,664
Poul,Murkin,596,5668 Bowman Junction,775
Margarette,Piercey,597,50520 Pankratz Lane,94
Town,Giovanizio,598,49315 Mosinee Parkway,757
Dallon,Dericut,599,4 Corscot Plaza,759
Nady,Longhi,600,8 Fordem Drive,561
Maritsa,Masurel,601,629 7th Road,125
Haydon,Greathead,602,6 Lakeland Park,329
Archibald,Maken,603,3 Main Avenue,713
Kerwinn,Balcon,604,9530 Waubesa Place,948
Karlene,Ceney,605,7237 Superior Hill,382
Al,Dauney,606,7 Ilene Point,402
Christa,Dossit,607,136 Annamark Drive,512
Lindsy,Nurdin,608,9384 Grim Lane,773
Ulrika,Farmar,609,6 Crowley Way,644
Petr,Heinemann,610,57035 Sherman Pass,533
Kellen,MacMoyer,611,31 Quincy Street,197
Percival,Riply,612,8 Mccormick Street,815
Devina,Long,613,2942 Quincy Lane,260
Flor,Teacy,614,20951 Mayer Crossing,383
Mara,Bartelet,615,92252 Farmco Court,993
Minnaminnie,Reeme,616,5985 Acker Junction,380
Maryrose,Swains,617,85991 Hermina Avenue,860
Brunhilda,Rossi,618,6 Morningstar Street,966
Anallese,Lissandre,619,9 Melody Crossing,694
Pet,Collard,620,2 Namekagon Terrace,341
Elsi,Lamzed,621,01 Division Drive,794
Mariel,Attow,622,40417 Lerdahl Way,214
Garvin,Kilfoyle,623,8367 Weeping Birch Street,148
Deidre,Ludlem,624,33 Boyd Plaza,643
Alfie,Ballard,625,58 Mallard Street,635
Calv,Fiddy,626,07 Schlimgen Alley,81
Cornela,Bickerdyke,627,9 Sachs Court,702
Denny,Valenta,628,86236 Arizona Pass,226
Brannon,Loveard,629,048 Iowa Pass,206
Ansley,Withrington,630,246 Lawn Junction,785
Adi,Vann,631,21 Westend Court,513
Lauren,Frobisher,632,1 Michigan Road,695
Richart,Stirrup,633,1980 Village Green Center,126
Antone,Bolderstone,634,0916 Waywood Court,566
Jolynn,Stoute,635,261 Erie Street,316
Guinna,Ubsdell,636,0007 Sunfield Park,868
Rhett,Huby,637,824 Mayfield Point,18
Rebbecca,Balnave,638,9994 Derek Plaza,416
Arabella,Crossgrove,639,98 Drewry Parkway,439
Keeley,Kirlin,640,71018 Marcy Drive,953
Becca,Albiston,641,063 Londonderry Hill,33
Janeva,Blaiklock,642,1046 Farragut Crossing,324
Meade,Schult,643,2 Waywood Plaza,17
Heddi,Doore,644,4 Buena Vista Hill,666
Robby,Eversley,645,1 Pepper Wood Alley,210
Pierson,Wrist,646,69387 Mockingbird Way,739
Teresina,Itzchaky,647,707 Ronald Regan Center,914
Phoebe,Churchman,648,685 Hooker Circle,11
Theobald,Carmont,649,38 Packers Way,873
Gail,Brinkley,650,12 Sachtjen Drive,969
Warren,McMonnies,651,4324 Springs Alley,924
Cyril,Monnelly,652,560 Namekagon Pass,122
Boycie,Symers,653,98 Eagle Crest Crossing,253
Loree,Billington,654,95 Mcbride Lane,84
Stephen,Larver,655,523 Oak Valley Point,15
Fanni,Avrashin,656,4 Walton Point,673
Cacilia,Izak,657,95307 Valley Edge Avenue,715
Carolynn,Lowde,658,48615 Hansons Road,295
Jackson,Gooderick,659,889 Londonderry Terrace,54
Dewitt,Dorsey,660,2 Haas Alley,737
Melodie,Ivons,661,39662 Northport Pass,713
Arty,Buncom,662,7 Golf Pass,833
Freida,Maase,663,00133 Northport Lane,82
Feliks,Juanes,664,1 Duke Drive,113
Joyous,Riquet,665,82 Grim Circle,770
Gerhardt,Hayler,666,29 Kinsman Trail,858
Sharlene,Penright,667,7 Bunting Center,337
Grenville,Maher,668,24742 Eggendart Terrace,62
Otha,Sandys,669,1772 Ronald Regan Lane,500
Alexis,Mc Carroll,670,1208 Badeau Road,222
Emera,Geraldez,671,2 Autumn Leaf Drive,791
Tiffy,Plane,672,5372 Morrow Court,873
Stephenie,Beeckx,673,433 Bobwhite Alley,258
Estevan,Wolfers,674,46 Mcguire Place,767
Livvie,Carr,675,48 2nd Circle,330
Vaughn,Grantham,676,59599 Schurz Junction,243
Laurel,Finnigan,677,02 Sycamore Circle,58
Harlene,Shillaker,678,66 Valley Edge Court,845
Chance,Creswell,679,6 Harper Alley,367
Kermie,Pumfrett,680,368 Roth Junction,435
Fulvia,Benitez,681,23 Coleman Terrace,588
Roscoe,Sangster,682,6 Troy Parkway,245
Gerrie,Dyter,683,778 Victoria Park,550
Kev,Hamlett,684,0 Grasskamp Hill,220
Lorilee,Vasilov,685,43649 Bayside Way,972
Madella,Simic,686,21399 Corben Road,771
Ceciley,Klarzynski,687,04704 Hagan Circle,387
Ginevra,Glacken,688,436 Maryland Hill,663
Pegeen,Partrick,689,4 Truax Center,16
Fonz,McMeekin,690,9548 Barnett Place,899
Hamel,Maro,691,715 Barby Avenue,5
Hillel,Gwillyam,692,93481 Talisman Terrace,943
Morissa,Spindler,693,0167 Algoma Junction,637
Linnie,Ecclesall,694,8849 Sycamore Lane,719
Gloriane,Benedit,695,5 Eagan Junction,793
Brodie,McGinnell,696,0356 Fairfield Point,819
Trudy,Marians,697,6 Graceland Road,762
Elsa,Pauls,698,33811 Orin Road,692
Galven,Klemenz,699,53002 Saint Paul Way,380
Daria,Connaughton,700,474 Moulton Street,115
Meg,Cornforth,701,25791 Clarendon Street,226
Barbara-anne,Shaul,702,6 Glacier Hill Drive,620
Flory,Shellshear,703,63084 Garrison Crossing,49
Tarah,Pavlitschek,704,413 8th Hill,879
Anthia,Boldock,705,644 Hollow Ridge Pass,89
Daisie,Ronchi,706,20 Hovde Way,192
Dallon,Hartzenberg,707,16124 Havey Park,196
Silvan,Cleaves,708,453 Eastlawn Pass,744
Shae,Sturte,709,464 Talmadge Junction,462
Farris,Penn,710,44153 Arrowood Plaza,624
Elisha,Corringham,711,848 Summit Circle,943
Huberto,Spolton,712,01 Granby Hill,411
Kania,Warsap,713,594 Rowland Center,974
Callean,Baynes,714,58198 Gulseth Street,977
Paddie,Ekless,715,1158 Lukken Lane,1000
Maryanne,McRonald,716,84 Crescent Oaks Avenue,267
Dominica,Luckham,717,98376 Fulton Court,995
Donnamarie,Canto,718,69430 Merry Park,932
Candie,Gerish,719,93986 Brentwood Parkway,474
Noel,Moreland,720,5889 Debs Circle,129
Haleigh,Garraway,721,21978 Sunnyside Lane,689
Britta,Antonopoulos,722,29402 Bay Street,239
Kelci,Honniebal,723,396 International Point,955
Ryley,Rude,724,90 Everett Circle,991
Latrina,Beresfore,725,2397 Ridge Oak Street,903
Les,O'Sheeryne,726,32670 Leroy Road,35
Launce,Braniff,727,5 Northview Hill,566
Ashli,Orritt,728,03 Wayridge Junction,475
Bebe,Codeman,729,714 Bultman Lane,249
Brett,Evers,730,235 South Avenue,986
Nicolina,Itter,731,0299 Hagan Pass,345
Meredith,Bigg,732,80 Parkside Way,329
Martguerita,Bennit,733,69 Sunbrook Circle,525
Oran,McKag,734,4 Cordelia Alley,793
Cecil,Rimes,735,069 Scofield Place,753
Tandie,O'Connor,736,9963 Messerschmidt Hill,427
Tandi,Melin,737,18626 Pennsylvania Place,769
Manuel,Biset,738,03 Green Ridge Avenue,268
Mavis,Durber,739,900 Packers Trail,926
Benjamin,Gegay,740,1 Loftsgordon Crossing,574
Bambie,Grundle,741,95 Laurel Trail,649
Butch,von Hagt,742,5848 Hooker Trail,296
Evanne,Fitch,743,0 Bluejay Terrace,616
Carson,Endrici,744,44 Caliangt Hill,16
Christi,Dodds,745,4 Pierstorff Circle,675
Marya,Gorrick,746,87 Kings Hill,965
Georgy,Whatson,747,11 6th Place,36
Marv,Bendtsen,748,9 Bobwhite Circle,466
Ezequiel,Alan,749,27 Dexter Junction,707
Base,Goudie,750,6997 Ridgeview Lane,42
Alfie,Dugood,751,9 Karstens Lane,728
Terri,Dumberrill,752,80651 Derek Road,752
Candice,Fromant,753,9 Continental Street,97
Bastian,Caulier,754,34 Logan Park,663
Zita,Tann,755,1886 Nelson Terrace,616
Kinnie,Bettinson,756,1709 Continental Road,703
Viviene,Bradnock,757,760 Gina Court,426
Maighdiln,Ruffey,758,96058 Arrowood Plaza,9
Andee,Wroughton,759,34212 Drewry Plaza,877
Jarret,Denington,760,40 Maple Wood Alley,33
Gaile,Comoletti,761,5995 Roth Avenue,792
Chrisy,Thackray,762,51174 Farmco Terrace,186
Mortimer,Gomez,763,9066 Hayes Pass,399
Tobie,Mougeot,764,8918 Lyons Pass,507
Max,Kohrsen,765,7103 Mallard Pass,388
Yalonda,Dranfield,766,065 Forest Point,729
Wren,Weakley,767,6 Vermont Park,710
Clovis,Cowland,768,04 Walton Plaza,883
Tadeas,Normaville,769,38 Ludington Junction,239
Merci,Salerno,770,9386 Ruskin Point,611
Sella,Goolden,771,028 Ilene Way,358
Roseann,Pease,772,60 Amoth Point,41
Elle,Kensit,773,57468 Mayfield Crossing,312
Ann,McArt,774,5110 Novick Place,857
Katusha,Liepina,775,68851 Granby Pass,418
Kelley,Caldron,776,7 Corscot Point,855
Sandye,Talboy,777,11476 Carioca Avenue,936
Kyla,MacCall,778,0 Pennsylvania Crossing,475
Andie,Clapperton,779,0975 Paget Way,653
Druci,Gilbeart,780,10 Division Lane,230
Talya,Griffoen,781,9318 Truax Plaza,77
Debbie,Kochs,782,8121 Havey Court,470
Heath,Welbeck,783,59794 Maple Wood Alley,147
Conrado,Oddy,784,287 Moose Crossing,406
Hillary,Canaan,785,9311 Shopko Road,598
Dom,Badman,786,04742 Oakridge Lane,870
Bert,Free,787,19657 Bayside Plaza,310
Lurlene,Nanetti,788,01 Washington Road,604
Rachel,Barcroft,789,353 Moland Way,678
Alister,Alcide,790,2 Dakota Trail,592
Janaya,Fayne,791,4592 Sundown Junction,994
Granthem,Johnston,792,0638 High Crossing Lane,449
Wini,Venable,793,33873 Clemons Pass,222
Hadlee,Riddoch,794,6 Morningstar Lane,797
Danella,Ladyman,795,12512 Laurel Parkway,223
Mag,Gauford,796,27463 Manufacturers Avenue,659
Bernardo,Ouldred,797,51777 Magdeline Plaza,352
Henrie,Scrivinor,798,301 Larry Road,146
Ariel,Ryman,799,7201 Onsgard Drive,506
Christiano,Giuron,800,10481 Hallows Crossing,610
Madonna,Hast,801,77075 Tennessee Circle,224
Nefen,Klimochkin,802,58940 Pepper Wood Way,83
Fernando,Penbarthy,803,1 Schurz Court,288
Yalonda,Hevner,804,16477 Farmco Place,111
Liuka,Matkin,805,431 Thackeray Center,71
Anson,Medcalf,806,768 Carpenter Terrace,975
Lilah,Tomasini,807,6462 Village Green Alley,608
Queenie,Collin,808,06106 Moulton Road,993
Kippy,Lipmann,809,876 Dryden Crossing,203
Myrvyn,Hanselman,810,62 Sycamore Alley,108
Yorke,Hoy,811,30 Red Cloud Crossing,878
Antonio,Maskelyne,812,182 Iowa Terrace,700
Bartlett,Peoples,813,4 Sundown Crossing,615
Culver,Senyard,814,99502 Lakeland Park,378
Evita,Lisciandro,815,1585 Loeprich Pass,294
Lorrayne,Stuckow,816,75211 Miller Park,987
Umeko,Ledson,817,07358 Raven Junction,15
Bartholemy,Hessentaler,818,0 Lotheville Alley,780
Earle,Sidebottom,819,72 Brown Lane,139
Ted,Ghiroldi,820,462 Dahle Hill,30
Clim,Janc,821,0684 Donald Hill,449
Leia,Curtoys,822,7 Buena Vista Court,627
Cam,Krienke,823,300 Village Green Plaza,9
Daisie,L' Anglois,824,9 Wayridge Circle,533
Octavia,Buddington,825,12 Melrose Lane,982
Terrence,Grise,826,91 Independence Plaza,185
Adrien,Bondley,827,69616 Manufacturers Circle,321
Blisse,Chelley,828,3 Elgar Circle,768
Trumann,Worcs,829,63 Waywood Alley,517
Novelia,Meagh,830,20278 Rowland Terrace,87
Jen,Green,831,56831 Melrose Plaza,160
Crichton,Mullinger,832,84148 Prairieview Way,521
Goldy,Symington,833,61018 Buena Vista Court,502
Ilse,d' Elboux,834,31 Lakewood Park,352
Nevil,Golder,835,15509 Almo Road,388
Evered,Briston,836,9598 2nd Plaza,717
Philip,Perrett,837,79 Morningstar Hill,151
Alejandra,Tibb,838,6151 Grayhawk Junction,907
Maryrose,Sivyer,839,5329 Lien Terrace,824
Sandy,Lishmund,840,80664 John Wall Junction,686
Alleyn,Shoebottom,841,809 Roth Alley,788
Alon,Baldi,842,960 Eastlawn Center,860
Gal,Quartermaine,843,7 Bay Lane,875
Cicily,Gravestone,844,88056 Melrose Lane,946
Bo,Clampett,845,30792 Sheridan Hill,37
Rick,Benard,846,14645 Vermont Road,805
Cesaro,Strand,847,0627 Jay Lane,451
Richard,Cattellion,848,2447 Southridge Terrace,123
Albrecht,Byass,849,0 Petterle Drive,877
Rossie,Binham,850,531 Jay Plaza,535
Arie,Ebdon,851,040 Darwin Circle,848
Sonya,Sans,852,415 Knutson Plaza,258
Chucho,Foster-Smith,853,810 Schmedeman Point,274
Ingrim,Slator,854,27869 Lakeland Terrace,495
Vladimir,Denholm,855,0 Sage Drive,664
Moishe,Nordass,856,12547 Dakota Point,211
Kiele,Bridgement,857,9107 Valley Edge Parkway,155
Kellen,Scatcher,858,21901 Hansons Pass,603
Alistair,Stockell,859,2 Valley Edge Point,991
Callean,Drohan,860,65 Chive Court,843
Daren,Staddon,861,73 Aberg Plaza,527
Deina,Marvel,862,5145 Surrey Plaza,610
Fitzgerald,Donnett,863,0041 Village Green Hill,698
Uri,Tivers,864,69240 Darwin Plaza,316
Jilleen,Ashpital,865,4 Del Mar Place,6
Lindsey,Moorton,866,34 Trailsway Trail,830
Casey,McReath,867,64374 Spaight Terrace,596
Tiffani,Bowlands,868,02480 Fair Oaks Way,359
Orelle,Faunch,869,10408 Sullivan Point,292
Lorine,Kenward,870,9181 Hoard Alley,208
Rollins,Matusov,871,87 Elmside Pass,624
Zorah,Jemison,872,82 Moland Parkway,803
Wittie,Scheffler,873,231 Mesta Terrace,446
Zsazsa,Spatarul,874,6851 5th Junction,686
Sancho,Bianco,875,20670 Rieder Lane,315
Clair,Golde,876,58639 Lakewood Parkway,282
Vaughn,Lockwood,877,57 Morning Avenue,876
Far,Ascraft,878,6356 Mccormick Drive,675
Mala,Kobus,879,62670 Monterey Parkway,7
Joletta,Mawman,880,3 Monica Road,881
Artemus,Gutsell,881,23 Raven Junction,538
Kelly,Mattia,882,02965 Clyde Gallagher Hill,451
Chaddy,Panner,883,473 Little Fleur Junction,471
Jason,Bothwell,884,06795 Erie Terrace,838
Burlie,Feek,885,7 Shelley Way,67
Nathan,Lucock,886,6705 Westend Way,547
Drake,Laverack,887,6505 Dovetail Drive,828
Cleavland,Guilloud,888,013 Mallory Court,199
Dwain,Slowan,889,611 Kenwood Junction,307
Johan,Acock,890,571 Reinke Trail,789
Regine,Brounfield,891,9863 Jenna Lane,681
Durante,Hefforde,892,283 Dwight Drive,654
Lolita,Ledner,893,68907 Express Pass,5
Zola,Spanswick,894,399 Anzinger Court,249
Antonetta,Houndson,895,3 Darwin Alley,688
Georgena,Blewis,896,3 Red Cloud Alley,276
Hillyer,Tieraney,897,9581 Amoth Junction,210
Boris,Formigli,898,116 Summit Terrace,174
Amaleta,Merrett,899,2145 Clarendon Center,206
Evelina,Brunon,900,35197 Heffernan Trail,266
Ody,Pynn,901,8926 Talmadge Crossing,772
Silvio,Smallridge,902,32500 5th Street,686
Nollie,Conneely,903,773 Magdeline Park,976
Aurthur,Loughren,904,2 Tennyson Way,8
Raimund,Pohlak,905,07842 Towne Street,907
Delaney,Wycherley,906,793 Prentice Point,54
Loella,Race,907,0963 Shoshone Hill,549
Emily,Mazey,908,7 Sommers Parkway,460
Erminia,MacFadden,909,60572 Warrior Alley,443
Stormy,Keetley,910,06198 Daystar Trail,341
Riobard,Carnihan,911,8 Golf Pass,981
Bartholomeo,Monan,912,39 Bartillon Alley,780
Kelcy,Crossman,913,133 6th Drive,526
Rhody,Caherny,914,2298 South Terrace,362
Fidelio,Adamiak,915,23 Waubesa Crossing,174
Starlene,Elverstone,916,707 Clarendon Crossing,609
Faun,Reisk,917,93626 Mesta Pass,890
Murdock,Povah,918,2 Fairview Alley,514
Enrika,Tejada,919,87 Browning Road,848
Appolonia,Heintsch,920,66381 Arrowood Street,179
Chloe,Storton,921,950 Scott Street,440
Mitchel,McOrkil,922,1965 Stang Junction,732
Cassandra,Le Fleming,923,1 Evergreen Plaza,166
Barrett,Oguz,924,705 Columbus Crossing,277
Peirce,Daft,925,1 Utah Street,731
Analiese,Trimbey,926,3944 Dovetail Drive,617
Phillie,Hairs,927,4096 South Avenue,361
Ferdie,Sibthorpe,928,48 Weeping Birch Center,223
Clarie,Izachik,929,28 Upham Pass,43
Obidiah,Spondley,930,586 Butternut Lane,141
Corri,Guise,931,518 Sauthoff Trail,269
Rudolph,Scorthorne,932,0 Warrior Park,560
Sibyl,Mandrake,933,0515 Nelson Park,504
Bevin,Bradnum,934,920 Menomonie Parkway,411
Griswold,MacTrustrie,935,801 Dapin Way,258
Bax,Hugill,936,2 Larry Avenue,829
Finlay,Thowless,937,2 Carioca Center,911
Rice,Djekic,938,394 Barby Court,776
Raychel,Boays,939,3 Ohio Alley,922
Glenn,Hinsch,940,01996 Sheridan Junction,751
Wells,Allaway,941,6737 Arrowood Street,201
Viviene,Pimblotte,942,3697 Acker Center,204
Shannen,Sedge,943,32228 Calypso Center,613
Gabi,Ivanishin,944,458 Mcbride Junction,769
Emogene,Fearn,945,53 Talmadge Drive,256
Fayina,Paroni,946,86052 Eggendart Park,64
Winnifred,Kinson,947,22837 Northland Terrace,524
Katlin,Ruffler,948,3579 Golden Leaf Junction,205
Case,Van der Mark,949,87270 Kings Place,80
Flori,Meachan,950,5979 Arrowood Hill,350
Alexandr,Fronek,951,4315 Moulton Pass,302
Kare,Goult,952,8500 Graceland Trail,589
Aurelia,Weal,953,8741 Scofield Terrace,533
Keir,Cogger,954,3 Delaware Circle,181
Kania,Bootell,955,527 Claremont Terrace,209
Austin,Baynard,956,79 Raven Crossing,95
Binni,Fawson,957,602 Anthes Court,208
Nowell,Skipper,958,8066 Lerdahl Place,188
Matias,Coning,959,199 Elgar Crossing,662
Lazaro,Epperson,960,4965 Grim Place,724
Edyth,Boddam,961,44101 Farragut Park,290
Dyane,Gavaran,962,290 Northwestern Trail,156
Nicolis,Fulger,963,4245 Pawling Center,796
Sanderson,Huriche,964,3 Namekagon Avenue,772
Maxine,Ebbles,965,741 Stephen Street,781
Gavin,Alvey,966,1255 Morningstar Avenue,377
Beverlie,Diter,967,1111 Carpenter Drive,832
Judy,Salmons,968,43 Starling Avenue,312
Helenelizabeth,Gilford,969,9 Carey Trail,128
Ruperta,Pachta,970,7143 Norway Maple Drive,735
Felicia,Trim,971,9 Golden Leaf Way,98
Cris,MacCook,972,431 Marquette Lane,409
Caresse,Bambery,973,38 Hoepker Alley,902
Meredith,Pues,974,59 Arkansas Court,383
Shaylynn,Veness,975,61918 Golf Plaza,167
Beale,Gorgl,976,060 Katie Junction,904
Lynnea,McAw,977,3887 Sunfield Circle,588
Adrien,Manston,978,9968 Fair Oaks Alley,349
Arlyn,Gerald,979,45 Redwing Alley,293
Cyndia,Williment,980,91 Farwell Pass,608
Sharon,Yare,981,3421 Hanover Circle,308
Rica,Forte,982,90968 Boyd Drive,1
Ira,Hambribe,983,8 Kedzie Junction,769
Dal,Darter,984,54 Manley Crossing,521
Lambert,Chaulk,985,977 Little Fleur Junction,505
Devan,Meriguet,986,47996 Glendale Way,269
Amber,O'Sharkey,987,59 Dayton Way,923
Saxe,Tipple,988,95289 Farmco Plaza,172
Ivonne,Perfect,989,9585 Katie Hill,519
Menard,Friese,990,7001 Sheridan Way,281
Hettie,Lydford,991,04828 Shasta Trail,762
Boniface,Routley,992,4 Hintze Point,622
Dede,Crowthe,993,182 Packers Park,804
Clive,Fitzpatrick,994,80193 Claremont Alley,864
Gwen,Grewe,995,95 Caliangt Terrace,773
Wilden,Eckly,996,62 Spaight Pass,924
Tedda,Domini,997,75 Emmet Point,995
Connie,Murdoch,998,1808 Kingsford Drive,90
Illa,Benois,999,4095 Ryan Court,897
Kendal,Bernt,1000,7 Corry Trail,927
